sim_time_ns,tvec_x,tvec_y,tvec_z,rvec_x,rvec_y,rvec_z,corner_tl_x,corner_tl_y,corner_tr_x,corner_tr_y,corner_br_x,corner_br_y,corner_bl_x,corner_bl_y,roll,pitch,yaw,est_x,est_y,est_z,drone_x,drone_y,drone_z,matched_gate_id,mav_x,mav_y,mav_z,error_x,error_y,error_z,error_mag
1781569514006982500,0.7291793759353676,8.011352702295012,22.41638780063193,-0.5392534552438331,0.34086228899144827,-0.0347514307372211,315.0354309082031,274.6061096191406,347.7409973144531,274.6018981933594,350.3528747558594,315.2935791015625,309.8024597167969,315.4134521484375,2.3311729819397442e-05,0.03188120946288109,-3.1404709815979004,-23.90670737774329,-0.7567692446628047,-1.8345794138234623,-0.15382811427116394,-0.0009277343633584678,-0.2733789086341858,0,-23.2979679107666,-0.39990234375,-1.4919580206274987,-0.6087394669766901,-0.3568669009128047,-0.34262139319596363,0.7844151596557256
1781569514006982500,0.7291793759353676,8.011352702295012,22.41638780063193,-0.5392534552438331,0.34086228899144827,-0.0347514307372211,315.0354309082031,274.6061096191406,347.7409973144531,274.6018981933594,350.3528747558594,315.2935791015625,309.8024597167969,315.4134521484375,1.8436581740388647e-05,0.025516746565699577,-3.1404709815979004,-23.94522484371878,-0.7569126529041843,-1.7528209821834322,-0.1828906238079071,-0.0010644531575962901,-0.3428271412849426,0,-23.2979679107666,-0.39990234375,-1.4919580206274987,-0.6472569329521782,-0.3570103091541843,-0.26086296155593347,0.7838669420308265
1781569514042704400,0.6755063606120133,8.92004789931062,23.913005878712266,-0.4967470719051872,0.25551395938335464,-0.028721918442251478,313.3591613769531,281.1217956542969,345.4820251464844,280.1363220214844,348.3852844238281,320.0144958496094,309.81988525390625,318.2593994140625,1.656970925978385e-05,0.02307724766433239,-3.1404709815979004,-25.681009359775942,-0.7051802154342137,-1.4408141377196881,-0.1828906238079071,-0.0010644531575962901,-0.3428271412849426,0,-23.2979679107666,-0.39990234375,-1.4919580206274987,-2.3830414490093403,-0.3052778716842137,0.05114388290781058,2.4030598876006954
1781569514074079100,0.6733323291125362,8.404459970018562,22.133439709757166,-0.4948973342688535,0.30081562450912247,-0.005326107894132063,313.5321960449219,280.9368896484375,348.2984924316406,281.51922607421875,349.5297546386719,324.24591064453125,308.7685241699219,321.7628173828125,1.4805441423959564e-05,0.020765064284205437,-3.1404709815979004,-23.857466304219823,-0.7009997778453898,-1.2027484992551023,-0.19722655415534973,-0.0011230468517169356,-0.37770017981529236,0,-23.2979679107666,-0.39990234375,-1.4919580206274987,-0.5594983934532216,-0.3010974340953898,0.2892095213723964,0.6980976037403468
1781569514074079100,0.6733323291125362,8.404459970018562,22.133439709757166,-0.4948973342688535,0.30081562450912247,-0.005326107894132063,313.5321960449219,280.9368896484375,348.2984924316406,281.51922607421875,349.5297546386719,324.24591064453125,308.7685241699219,321.7628173828125,1.3333379683899693e-05,0.018818853422999382,-3.1404709815979004,-23.86355844070346,-0.7010205688244675,-1.1677386742706668,-0.20175780355930328,-0.0011425780830904841,-0.388740211725235,0,-23.2979679107666,-0.39990234375,-1.4919580206274987,-0.5655905299368591,-0.3011182250744675,0.3242193463568319,0.7181107279370683
1781569514103168800,0.7106851116863044,8.937491873483685,22.840489145767158,-0.6036879592420951,-0.09881533455379198,0.0544121754924523,313.26800537109375,285.3626708984375,346.6767272949219,286.0567932128906,350.22125244140625,327.481689453125,309.3006286621094,324.614013671875,1.2391765267238952e-05,0.01756882481276989,-3.1404709815979004,-24.737367109923504,-0.7393917339126178,-0.9550661317304779,-0.21703124046325684,-0.0012011718936264515,-0.4259326159954071,0,-23.2979679107666,-0.39990234375,-1.4919580206274987,-1.4393991991569024,-0.3394893901626178,0.5368918888970208,1.5733327686570089
1781569514103168800,0.7106851116863044,8.937491873483685,22.840489145767158,-0.6036879592420951,-0.09881533455379198,0.0544121754924523,313.26800537109375,285.3626708984375,346.6767272949219,286.0567932128906,350.22125244140625,327.481689453125,309.3006286621094,324.614013671875,1.0474166629137471e-05,0.015023945830762386,-3.1404709815979004,-24.74320458397087,-0.7394124980388481,-0.9038001871148533,-0.22160156071186066,-0.001220703125,-0.4370703101158142,0,-23.2979679107666,-0.39990234375,-1.4919580206274987,-1.445236673204267,-0.3395101542888481,0.5881578335126454,1.596842454208324
1781569514103168800,0.7106851116863044,8.937491873483685,22.840489145767158,-0.6036879592420951,-0.09881533455379198,0.0544121754924523,313.26800537109375,285.3626708984375,346.6767272949219,286.0567932128906,350.22125244140625,327.481689453125,309.3006286621094,324.614013671875,1.0474166629137471e-05,0.015023945830762386,-3.1404709815979004,-24.74777488931831,-0.7394320292702217,-0.914942768816132,-0.22617186605930328,-0.0012402343563735485,-0.4482128918170929,0,-23.2979679107666,-0.39990234375,-1.4919580206274987,-1.4498069785517096,-0.33952968552022167,0.5770152518113667,1.5969243198190803
1781569514140397400,0.6053428460242309,8.743352058303435,22.10915564633695,-0.5505370173641213,0.2900506218220771,-0.016630655838995832,312.60198974609375,285.9781799316406,347.13189697265625,286.5151062011719,348.7013854980469,328.7095642089844,307.7416687011719,327.6438903808594,2.4661525458213873e-05,0.012531875632703304,-3.1399917602539062,-24.01156548200222,-0.6446995217228966,-0.7876602125988615,-0.23933593928813934,-0.001298828050494194,-0.48017576336860657,0,-23.2979679107666,-0.39990234375,-1.4919580206274987,-0.7135975712356171,-0.24479717797289657,0.7042978080286372,1.0320768161386091
1781569514140397400,0.6053428460242309,8.743352058303435,22.10915564633695,-0.5505370173641213,0.2900506218220771,-0.016630655838995832,312.60198974609375,285.9781799316406,347.13189697265625,286.5151062011719,348.7013854980469,328.7095642089844,307.7416687011719,327.6438903808594,3.66088752343785e-05,0.012121080420911312,-3.1395838260650635,-24.02064417079858,-0.6544363995555148,-0.7999426822506732,-0.24855467677116394,-0.0013378906296566129,-0.5022314190864563,0,-23.2979679107666,-0.39990234375,-1.4919580206274987,-0.722676260031978,-0.2545340558055148,0.6920153383768255,1.0324406960825423
1781569514174748800,0.6306102468806017,9.243847633032123,23.008535833124725,-0.565488730985466,0.13934326294573537,0.009077561393069063,312.2391357421875,288.6948547363281,346.508544921875,289.29693603515625,348.5098876953125,330.26605224609375,308.33441162109375,328.5123291015625,9.471533121541142e-05,0.011554478667676449,-3.137664556503296,-25.055300907974566,-0.7293888119247938,-0.697001865028916,-0.26249998807907104,-0.0013964843237772584,-0.5352636575698853,0,-23.2979679107666,-0.39990234375,-1.4919580206274987,-1.757332997207964,-0.32948646817479377,0.7949561555985827,1.9567155861571461
1781569514174748800,0.6306102468806017,9.243847633032123,23.008535833124725,-0.565488730985466,0.13934326294573537,0.009077561393069063,312.2391357421875,288.6948547363281,346.508544921875,289.29693603515625,348.5098876953125,330.26605224609375,308.33441162109375,328.5123291015625,0.00012089777737855911,0.011608599685132504,-3.1368870735168457,-25.059328206579025,-0.7486807947975134,-0.7091036523232996,-0.26710936427116394,-0.001416015555150807,-0.5460399985313416,0,-23.2979679107666,-0.39990234375,-1.4919580206274987,-1.7613602958124233,-0.34877845104751337,0.7828543683041991,1.958800005501454
1781569514174748800,0.6306102468806017,9.243847633032123,23.008535833124725,-0.565488730985466,0.13934326294573537,0.009077561393069063,312.2391357421875,288.6948547363281,346.508544921875,289.29693603515625,348.5098876953125,330.26605224609375,308.33441162109375,328.5123291015625,0.0001827533997129649,0.012005566619336605,-3.135270833969116,-25.062631276775736,-0.7887613590481511,-0.7296400863547226,-0.27171874046325684,-0.0014355467865243554,-0.5567724704742432,0,-23.2979679107666,-0.39990234375,-1.4919580206274987,-1.7646633660091346,-0.38885901529815114,0.7623179342727762,1.9612181831778048
1781569514209177400,0.6534019333526409,9.15807829551236,22.663169186592146,-0.6630724401253925,-0.046160616907998345,0.04045163686886512,312.0144958496094,289.3451232910156,346.6175231933594,290.59423828125,349.68115234375,330.95849609375,308.44134521484375,329.263916015625,0.0002349804708501324,0.012538193725049496,-3.1340672969818115,-24.721062301754344,-0.8387794301565596,-0.7180347526052674,-0.28343749046325684,-0.0014941405970603228,-0.5838086009025574,0,-23.2979679107666,-0.39990234375,-1.4919580206274987,-1.4230943909877425,-0.43887708640655965,0.7739232680222313,1.6783229627874652
1781569514209177400,0.6534019333526409,9.15807829551236,22.663169186592146,-0.6630724401253925,-0.046160616907998345,0.04045163686886512,312.0144958496094,289.3451232910156,346.6175231933594,290.59423828125,349.68115234375,330.95849609375,308.44134521484375,329.263916015625,0.0002700634649954736,0.012979148887097836,-3.133338689804077,-24.72503299555609,-0.8565976174712204,-0.7394103066141545,-0.2880859375,-0.0015136718284338713,-0.5944287180900574,0,-23.2979679107666,-0.39990234375,-1.4919580206274987,-1.42706508478949,-0.45669527372122043,0.7525477140133442,1.676726987655189
1781569514209177400,0.6534019333526409,9.15807829551236,22.663169186592146,-0.6630724401253925,-0.046160616907998345,0.04045163686886512,312.0144958496094,289.3451232910156,346.6175231933594,290.59423828125,349.68115234375,330.95849609375,308.44134521484375,329.263916015625,0.00030527784838341177,0.013480900786817074,-3.132662773132324,-24.729022410875835,-0.8731275510795528,-0.762252257586925,-0.2927343547344208,-0.0015332030598074198,-0.605029284954071,0,-23.2979679107666,-0.39990234375,-1.4919580206274987,-1.4310545001092336,-0.47322520732955276,0.7297057630405737,1.6746132627414643
1781569514240624600,0.6216326645639002,9.239505784675284,23.140411142318737,-0.7465770125898668,-0.02938479348627404,0.0329144758869612,311.31683349609375,288.93621826171875,345.9102783203125,290.1131591796875,348.629638671875,328.20068359375,308.4597473144531,326.8378601074219,0.0004025807720609009,0.015231608413159847,-3.131042718887329,-25.212865238515363,-0.8860065931066726,-0.9421821846182471,-0.30589842796325684,-0.0015917968703433871,-0.6350390315055847,0,-23.2979679107666,-0.39990234375,-1.4919580206274987,-1.9148973277487613,-0.4861042493566726,0.5497758360092516,2.0507029494594367
1781569514240624600,0.6216326645639002,9.239505784675284,23.140411142318737,-0.7465770125898668,-0.02938479348627404,0.0329144758869612,311.31683349609375,288.93621826171875,345.9102783203125,290.1131591796875,348.629638671875,328.20068359375,308.4597473144531,326.8378601074219,0.00046738324454054236,0.016687750816345215,-3.130121946334839,-25.216215881379064,-0.9089492813449715,-0.9889974175459625,-0.310546875,-0.0016113281017169356,-0.6456152200698853,0,-23.2979679107666,-0.39990234375,-1.4919580206274987,-1.9182479706124624,-0.5090469375949715,0.5029606030815362,2.047382091766408
1781569514240624600,0.6216326645639002,9.239505784675284,23.140411142318737,-0.7465770125898668,-0.02938479348627404,0.0329144758869612,311.31683349609375,288.93621826171875,345.9102783203125,290.1131591796875,348.629638671875,328.20068359375,308.4597473144531,326.8378601074219,0.00046738324454054236,0.016687750816345215,-3.130121946334839,-25.220864298613485,-0.9089688125763451,-0.9995784936911346,-0.3151952922344208,-0.0016308593330904841,-0.6561962962150574,0,-23.2979679107666,-0.39990234375,-1.4919580206274987,-1.9228963878468832,-0.5090664688263451,0.4923795269363641,2.0491746598628415
1781569514274195900,1.9470235862008454,7.290135840488157,18.674190322770503,-0.637580236721847,0.23805096454631725,-0.007915522756653297,332.65924072265625,282.0133972167969,374.6672058105469,281.3096008300781,378.8261413574219,331.15264892578125,328.7535400390625,329.3524475097656,0.0005628304206766188,0.019407985731959343,-3.1288340091705322,-20.349680359749804,-2.204315468177863,-1.1857370966004315,-0.3352734446525574,-0.001708984375,-0.7015820145606995,0,-23.2979679107666,-0.39990234375,-1.4919580206274987,2.948287551016797,-1.804413124427863,0.30622092402706724,3.4701696588783864
1781569514274195900,1.9470235862008454,7.290135840488157,18.674190322770503,-0.637580236721847,0.23805096454631725,-0.007915522756653297,332.65924072265625,282.0133972167969,374.6672058105469,281.3096008300781,378.8261413574219,331.15264892578125,328.7535400390625,329.3524475097656,0.0006503176409751177,0.022341249510645866,-3.1276912689208984,-20.350374310469313,-2.2271922524664594,-1.2549552674273419,-0.3400000035762787,-0.0017285156063735485,-0.7121874690055847,0,-23.2979679107666,-0.39990234375,-1.4919580206274987,2.9475936002972887,-1.8272899087164594,0.23700275320015685,3.4761281259520618
1781569514303956300,2.025880063779203,7.305304907830195,18.79516218755901,-0.6682471513846622,0.17231452900048447,0.010181860338754442,333.87786865234375,281.32611083984375,375.4512939453125,281.6065673828125,380.04510498046875,330.23333740234375,329.69940185546875,328.5638122558594,0.0006788150640204549,0.023335693404078484,-3.1273210048675537,-20.475143876979512,-2.3151785390359922,-1.33033226362897,-0.34996092319488525,-0.0017675780691206455,-0.734570324420929,0,-23.2979679107666,-0.39990234375,-1.4919580206274987,2.8228240337870893,-1.9152761952859922,0.16162575699852866,3.415075594372773
1781569514303956300,2.025880063779203,7.305304907830195,18.79516218755901,-0.6682471513846622,0.17231452900048447,0.010181860338754442,333.87786865234375,281.32611083984375,375.4512939453125,281.6065673828125,380.04510498046875,330.23333740234375,329.69940185546875,328.5638122558594,0.0007075585308484733,0.02435135655105114,-3.126948356628418,-20.478392891489644,-2.322692131023604,-1.361360823593964,-0.35468748211860657,-0.001787109300494194,-0.7451855540275574,0,-23.2979679107666,-0.39990234375,-1.4919580206274987,2.8195750192769573,-1.922789787273604,0.13059719703353467,3.41528614954111
1781569514303956300,2.025880063779203,7.305304907830195,18.79516218755901,-0.6682471513846622,0.17231452900048447,0.010181860338754442,333.87786865234375,281.32611083984375,375.4512939453125,281.6065673828125,380.04510498046875,330.23333740234375,329.69940185546875,328.5638122558594,0.0007363102631643414,0.025388479232788086,-3.126574993133545,-20.48164218611244,-2.3302188192884916,-1.3928212485906426,-0.35945311188697815,-0.0018066405318677425,-0.7558007836341858,0,-23.2979679107666,-0.39990234375,-1.4919580206274987,2.8163257246541633,-1.9303164755384916,0.09913677203685611,3.4157927897713627
1781569514303956300,2.025880063779203,7.305304907830195,18.79516218755901,-0.6682471513846622,0.17231452900048447,0.010181860338754442,333.87786865234375,281.32611083984375,375.4512939453125,281.6065673828125,380.04510498046875,330.23333740234375,329.69940185546875,328.5638122558594,0.0008174527902156115,0.028480289503932,-3.1255290508270264,-20.48190033254116,-2.351260761708237,-1.465584091520392,-0.36421874165534973,-0.0018261718796566129,-0.7664160132408142,0,-23.2979679107666,-0.39990234375,-1.4919580206274987,2.816067578225443,-1.9513584179582368,0.026373929107106786,3.4261832794825104
1781569514339475100,2.024860464474894,7.546328883153376,19.33180130438403,-0.67025039550682,0.199965769153856,0.0021670987330658985,333.3550720214844,282.76654052734375,374.15924072265625,282.542236328125,378.13427734375,329.9349365234375,329.58843994140625,328.4131164550781,0.0008464112761430442,0.029630301520228386,-3.125170946121216,-21.08202252688491,-2.3671307120645535,-1.5097856906130152,-0.37785154581069946,-0.0018847655737772584,-0.7966259717941284,0,-23.2979679107666,-0.39990234375,-1.4919580206274987,2.2159453838816923,-1.9672283683145535,-0.017827669985516437,2.9632278385681436
1781569514339475100,2.024860464474894,7.546328883153376,19.33180130438403,-0.67025039550682,0.199965769153856,0.0021670987330658985,333.3550720214844,282.76654052734375,374.15924072265625,282.542236328125,378.13427734375,329.9349365234375,329.58843994140625,328.4131164550781,0.000875426921993494,0.030808445066213608,-3.124819755554199,-21.08514258236186,-2.3744097575898215,-1.5447570972316051,-0.3826562464237213,-0.001904296805150807,-0.8072216510772705,0,-23.2979679107666,-0.39990234375,-1.4919580206274987,2.2128253284047403,-1.9745074138398215,-0.05279907660410643,2.966152929946164
1781569514339475100,2.024860464474894,7.546328883153376,19.33180130438403,-0.67025039550682,0.199965769153856,0.0021670987330658985,333.3550720214844,282.76654052734375,374.15924072265625,282.542236328125,378.13427734375,329.9349365234375,329.58843994140625,328.4131164550781,0.0009040813893079758,0.032007452100515366,-3.1244781017303467,-21.088238191823432,-2.3814896932632177,-1.5801560643032553,-0.3874609172344208,-0.0019238280365243554,-0.8178125023841858,0,-23.2979679107666,-0.39990234375,-1.4919580206274987,2.2097297189431693,-1.9815873495132177,-0.08819804367575657,2.969406127399839
1781569514435925100,2.2725282450934583,7.557377657055498,20.055356642861177,-0.6919339827608274,0.19255716275394166,0.02059308475690829,335.81781005859375,279.4000244140625,377.6409912109375,279.81072998046875,379.0259704589844,324.3546142578125,333.60028076171875,322.559814453125,0.0011277771554887295,0.043268319219350815,-3.121873617172241,-21.783046890211562,-2.696480692050315,-2.2071025667468662,-0.4383203089237213,-0.002158203162252903,-0.9268895983695984,0,-23.2979679107666,-0.39990234375,-1.4919580206274987,1.5149210205550396,-2.296578348300315,-0.7151445461193675,2.8426553660698306
1781569514435925100,2.2725282450934583,7.557377657055498,20.055356642861177,-0.6919339827608274,0.19255716275394166,0.02059308475690829,335.81781005859375,279.4000244140625,377.6409912109375,279.81072998046875,379.0259704589844,324.3546142578125,333.60028076171875,322.559814453125,0.0011813296005129814,0.04639279469847679,-3.1213037967681885,-21.77740983569664,-2.7085786918814065,-2.273818718656403,-0.4383203089237213,-0.002158203162252903,-0.9268895983695984,0,-23.2979679107666,-0.39990234375,-1.4919580206274987,1.5205580750699603,-2.3086763481314065,-0.7818606980289045,2.872871297361592
1781569514435925100,2.2725282450934583,7.557377657055498,20.055356642861177,-0.6919339827608274,0.19255716275394166,0.02059308475690829,335.81781005859375,279.4000244140625,377.6409912109375,279.81072998046875,379.0259704589844,324.3546142578125,333.60028076171875,322.559814453125,0.0012272692983970046,0.0491098128259182,-3.1208293437957764,-21.787468508338588,-2.7187293929937977,-2.363119312823561,-0.4533984363079071,-0.0022460937034338713,-0.9581835865974426,0,-23.2979679107666,-0.39990234375,-1.4919580206274987,1.5104994024280138,-2.3188270492437977,-0.8711612921960623,2.901290975765926
1781569514435925100,2.2725282450934583,7.557377657055498,20.055356642861177,-0.6919339827608274,0.19255716275394166,0.02059308475690829,335.81781005859375,279.4000244140625,377.6409912109375,279.81072998046875,379.0259704589844,324.3546142578125,333.60028076171875,322.559814453125,0.0012272692983970046,0.0491098128259182,-3.1208293437957764,-21.792546615457194,-2.718758689840858,-2.373519667685774,-0.45847654342651367,-0.002275390550494194,-0.9685839414596558,0,-23.2979679107666,-0.39990234375,-1.4919580206274987,1.5054212953094073,-2.318856346090858,-0.8815616470582754,2.9018164944980582
1781569514709863000,1.896935258528489,7.3066626043235505,21.34628552019006,-0.6250435624690422,0.048296206328356045,0.032709010914653794,329.7239074707031,268.7003479003906,367.2040710449219,270.39599609375,370.44097900390625,311.5250244140625,326.7015380859375,310.57550048828125,0.004038529936224222,0.09926831722259521,-3.0889594554901123,-22.85412392135726,-3.0761589716406537,-4.6197334865112545,-0.6637109518051147,-0.0032714842818677425,-1.334536075592041,0,-23.2979679107666,-0.39990234375,-1.4919580206274987,0.44384398940934133,-2.6762566278906537,-3.1277754658837558,4.140329261091176
1781569514709863000,1.896935258528489,7.3066626043235505,21.34628552019006,-0.6250435624690422,0.048296206328356045,0.032709010914653794,329.7239074707031,268.7003479003906,367.2040710449219,270.39599609375,370.44097900390625,311.5250244140625,326.7015380859375,310.57550048828125,0.0041261217556893826,0.101805679500103,-3.087937831878662,-22.84887846639083,-3.0984895936643992,-4.68571111232171,-0.6699999570846558,-0.003291015513241291,-1.3440526723861694,0,-23.2979679107666,-0.39990234375,-1.4919580206274987,0.4490894443757725,-2.6985872499143992,-3.193753091694211,4.205248302437875
1781569518674845100,-0.16299527485680187,2.6278431875750337,7.606704129902742,0.060708078380464936,-0.017105205680484244,-0.015071817585717387,255.426513671875,235.8123321533203,368.47564697265625,234.35748291015625,374.0796813964844,343.26507568359375,253.88699340820312,346.29815673828125,0.005042137578129768,0.11595617979764938,-3.041698455810547,-22.54498378320119,-1.7606922083610987,-3.179066721367769,-14.623984336853027,-1.1287890672683716,-1.8935546875,0,-23.2979679107666,-0.39990234375,-1.4919580206274987,0.7529841275654121,-1.3607898646110987,-1.68710870074027,2.294574017134174
1781569518674845100,-0.16299527485680187,2.6278431875750337,7.606704129902742,0.060708078380464936,-0.017105205680484244,-0.015071817585717387,255.426513671875,235.8123321533203,368.47564697265625,234.35748291015625,374.0796813964844,343.26507568359375,253.88699340820312,346.29815673828125,0.00425088731572032,0.11589109152555466,-3.041686534881592,-22.679633422594655,-1.7812179389380502,-3.1793651722045846,-14.758515357971191,-1.1494921445846558,-1.894497036933899,0,-23.2979679107666,-0.39990234375,-1.4919580206274987,0.6183344881719464,-1.3813155951880502,-1.6874071515770859,2.2666524232810983
1781569518708463200,-0.21059747949898694,2.6116831566720684,7.6691772710094614,0.0029508391154039575,-0.0390861592069041,-0.014915377907673014,254.01414489746094,234.2098388671875,365.8155822753906,232.27337646484375,371.294921875,342.5221862792969,252.17886352539062,346.8026428222656,0.004053323995321989,0.11587691307067871,-3.0416836738586426,-22.766212941552944,-1.7440181308130627,-3.223481746860401,-14.79320240020752,-1.154824137687683,-1.8947705030441284,0,-23.2979679107666,-0.39990234375,-1.4919580206274987,0.5317549692136581,-1.3441157870630627,-1.7315237262329024,2.2555675584701627
1781569518708463200,-0.21059747949898694,2.6116831566720684,7.6691772710094614,0.0029508391154039575,-0.0390861592069041,-0.014915377907673014,254.01414489746094,234.2098388671875,365.8155822753906,232.27337646484375,371.294921875,342.5221862792969,252.17886352539062,346.8026428222656,0.0035273460671305656,0.11584316939115524,-3.0416767597198486,-22.82605270175405,-1.7530516033853776,-3.2236008780349534,-14.852968215942383,-1.164003849029541,-1.8952685594558716,0,-23.2979679107666,-0.39990234375,-1.4919580206274987,0.47191520901255046,-1.3531492596353776,-1.7316428574074547,2.247733051089338
1781569518708463200,-0.21059747949898694,2.6116831566720684,7.6691772710094614,0.0029508391154039575,-0.0390861592069041,-0.014915377907673014,254.01414489746094,234.2098388671875,365.8155822753906,232.27337646484375,371.294921875,342.5221862792969,252.17886352539062,346.8026428222656,0.0033386924769729376,0.11583255976438522,-3.041673421859741,-22.895451781139304,-1.7636601387638426,-3.2241066582469236,-14.922343254089355,-1.174658179283142,-1.8958983421325684,0,-23.2979679107666,-0.39990234375,-1.4919580206274987,0.40251612962729766,-1.3637577950138426,-1.7321486376194248,2.2410250915324412
1781569518741200900,-0.2174128352873086,2.5892293602948144,7.45680459346935,0.014316279930634137,-0.03806743982686817,-0.011942057869514373,251.88336181640625,234.8792724609375,367.28167724609375,232.65774536132812,371.7584228515625,346.25115966796875,250.1551971435547,350.08184814453125,0.0028071310371160507,0.1158059760928154,-3.041666269302368,-22.798923709460183,-1.7521096576322082,-3.144109254326011,-15.021796226501465,-1.1899218559265137,-1.8968944549560547,0,-23.2979679107666,-0.39990234375,-1.4919580206274987,0.49904420130641824,-1.3522073138822082,-1.6521512336985125,2.192513040687698
1781569518741200900,-0.2174128352873086,2.5892293602948144,7.45680459346935,0.014316279930634137,-0.03806743982686817,-0.011942057869514373,251.88336181640625,234.8792724609375,367.28167724609375,232.65774536132812,371.7584228515625,346.25115966796875,250.1551971435547,350.08184814453125,0.002441768068820238,0.11578678339719772,-3.0416619777679443,-22.90302956865622,-1.7679706074423898,-3.145038361166031,-15.125859260559082,-1.2058690786361694,-1.8980517387390137,0,-23.2979679107666,-0.39990234375,-1.4919580206274987,0.3949383421103825,-1.3680682636923898,-1.6530803405385321,2.1818023926254635
1781569518775054600,-0.18108739081976635,2.5513427551364276,7.415188783150486,0.018080278895421322,-0.02336876825037322,-0.011588226439722666,253.35107421875,233.7994384765625,369.3770446777344,231.2274169921875,373.7503356933594,346.00775146484375,251.2653045654297,348.6009826660156,0.0018822095589712262,0.115677110850811,-3.041658878326416,-22.905340534852385,-1.8077570557938636,-3.1584299593063037,-15.18593692779541,-1.2150683403015137,-1.8987890481948853,0,-23.2979679107666,-0.39990234375,-1.4919580206274987,0.39262737591421626,-1.4078547120438636,-1.666471938678805,2.2166054833788733
1781569518775054600,-0.18108739081976635,2.5513427551364276,7.415188783150486,0.018080278895421322,-0.02336876825037322,-0.011588226439722666,253.35107421875,233.7994384765625,369.3770446777344,231.2274169921875,373.7503356933594,346.00775146484375,251.2653045654297,348.6009826660156,0.0017625970067456365,0.11562644690275192,-3.0416595935821533,-22.974786235051102,-1.8183210118067215,-3.158948953706677,-15.255311965942383,-1.225673794746399,-1.899721622467041,0,-23.2979679107666,-0.39990234375,-1.4919580206274987,0.3231816757154995,-1.4184186680567215,-1.6669909330791781,2.2125136574444624
1781569518775054600,-0.18108739081976635,2.5513427551364276,7.415188783150486,0.018080278895421322,-0.02336876825037322,-0.011588226439722666,253.35107421875,233.7994384765625,369.3770446777344,231.2274169921875,373.7503356933594,346.00775146484375,251.2653045654297,348.6009826660156,0.0014777012402191758,0.11545073240995407,-3.041663885116577,-23.07182187412983,-1.8329942719821943,-3.1590124241084494,-15.3521089553833,-1.2404589653015137,-1.9011962413787842,0,-23.2979679107666,-0.39990234375,-1.4919580206274987,0.22614603663677002,-1.4330919282321943,-1.6670544034809507,2.209969431647419
1781569518807923600,-0.20777969545727693,2.5208715566599817,7.192346093129057,0.08284313858574983,-0.035634955479938224,0.002233684029451813,250.71766662597656,235.41635131835938,370.93255615234375,232.05953979492188,373.1150207519531,348.1706848144531,246.629638671875,349.2620849609375,0.0013024515938013792,0.11530100554227829,-3.0416676998138428,-22.93440914655116,-1.7958509412795802,-3.0805992892275995,-15.421562194824219,-1.2510448694229126,-1.9024120569229126,0,-23.2979679107666,-0.39990234375,-1.4919580206274987,0.36355876421544053,-1.3959485975295802,-1.5886412686001008,2.1458398221400397
1781569518807923600,-0.20777969545727693,2.5208715566599817,7.192346093129057,0.08284313858574983,-0.035634955479938224,0.002233684029451813,250.71766662597656,235.41635131835938,370.93255615234375,232.05953979492188,373.1150207519531,348.1706848144531,246.629638671875,349.2620849609375,0.001218876801431179,0.11522053927183151,-3.0416698455810547,-22.934509140788926,-1.7958191863671624,-3.079976178781238,-15.421562194824219,-1.2510448694229126,-1.9024120569229126,0,-23.2979679107666,-0.39990234375,-1.4919580206274987,0.3634587699776759,-1.3959168426171624,-1.5880181581537394,2.145340947169458
1781569518841215000,-0.31193887346256854,2.5107518782569684,7.226989841366314,0.10390212663590392,-0.04151448022961915,-0.0035589187477893147,245.527099609375,234.95448303222656,365.63580322265625,231.68521118164062,368.58837890625,345.50201416015625,243.11131286621094,347.98443603515625,0.0010432279668748379,0.11503159254789352,-3.041673183441162,-23.08074204690444,-1.7114530356043027,-3.106151727501228,-15.531561851501465,-1.2677831649780273,-1.9046533107757568,0,-23.2979679107666,-0.39990234375,-1.4919580206274987,0.21722586386216136,-1.3115506918543027,-1.614193706873729,2.0911656119362982
1781569518841215000,-0.31193887346256854,2.5107518782569684,7.226989841366314,0.10390212663590392,-0.04151448022961915,-0.0035589187477893147,245.527099609375,234.95448303222656,365.63580322265625,231.68521118164062,368.58837890625,345.50201416015625,243.11131286621094,347.98443603515625,0.0008747199317440391,0.11482845991849899,-3.041675567626953,-23.19283370039936,-1.7283974696489306,-3.107313676995783,-15.64339828491211,-1.2847753763198853,-1.9074022769927979,0,-23.2979679107666,-0.39990234375,-1.4919580206274987,0.10513421036724324,-1.3284951258989306,-1.6153556563682843,2.0941170927834407
1781569518871099100,-0.3474664630414121,2.4612252090597146,7.08099872208661,0.11825923920063261,-0.035613545719658406,-0.002167280027718339,242.2401580810547,233.9575653076172,365.21795654296875,230.8462677001953,367.92230224609375,346.4320983886719,240.1076202392578,348.284912109375,0.0006483430624939501,0.11450207233428955,-3.041677713394165,-23.080142788644128,-1.6830855108370038,-3.0805219063037166,-15.678085327148438,-1.2900390625,-1.9083592891693115,0,-23.2979679107666,-0.39990234375,-1.4919580206274987,0.2178251221224734,-1.2831831670870038,-1.5885638856762179,2.0536655139038165
1781569518871099100,-0.3474664630414121,2.4612252090597146,7.08099872208661,0.11825923920063261,-0.035613545719658406,-0.002167280027718339,242.2401580810547,233.9575653076172,365.21795654296875,230.8462677001953,367.92230224609375,346.4320983886719,240.1076202392578,348.284912109375,0.0005789422430098057,0.1143876314163208,-3.0416786670684814,-23.149656569792175,-1.6935779289431023,-3.081735565471565,-15.74746036529541,-1.3005468845367432,-1.9104442596435547,0,-23.2979679107666,-0.39990234375,-1.4919580206274987,0.148311340974427,-1.2936755851931023,-1.589777544844066,2.0549903687552344
1781569518871099100,-0.3474664630414121,2.4612252090597146,7.08099872208661,0.11825923920063261,-0.035613545719658406,-0.002167280027718339,242.2401580810547,233.9575653076172,365.21795654296875,230.8462677001953,367.92230224609375,346.4320983886719,240.1076202392578,348.284912109375,0.0003578180039767176,0.11398386210203171,-3.0416793823242188,-23.1501425388874,-1.6935505504600283,-3.078669464899784,-15.74746036529541,-1.3005468845367432,-1.9104442596435547,0,-23.2979679107666,-0.39990234375,-1.4919580206274987,0.14782537187920042,-1.2936482067100283,-1.5867114442722854,2.0525669856742645
1781569518906607000,-0.3953087882946912,2.4195623015881047,6.733453689045376,0.09735719876768915,-0.009282346175629888,-0.0106697243033792,235.872314453125,234.45091247558594,364.3851318359375,231.63746643066406,370.06268310546875,353.8541564941406,233.99801635742188,355.0239562988281,0.0002888721937779337,0.11385320872068405,-3.041679859161377,-22.978790239301333,-1.6357809744362313,-2.9558868120341177,-15.895702362060547,-1.3229491710662842,-1.9157177209854126,0,-23.2979679107666,-0.39990234375,-1.4919580206274987,0.319177671465269,-1.2358786306862313,-1.463928791406619,1.9422558745072982
1781569518937229900,-0.42315512366614555,2.292228136545011,6.623558447336601,0.1287898849640218,-0.02149323944234938,-0.013378844373041168,232.19493103027344,229.7698974609375,363.653564453125,226.6914825439453,369.5591125488281,348.54498291015625,231.58547973632812,351.2613525390625,0.00011240661115152761,0.11354386061429977,-3.0416812896728516,-22.90790650450731,-1.604785402686005,-3.0176060794080595,-15.977850914001465,-1.3353222608566284,-1.9191454648971558,0,-23.2979679107666,-0.39990234375,-1.4919580206274987,0.3900614062592922,-1.204883058936005,-1.5256480587805608,1.982799305432815
1781569518937229900,-0.42315512366614555,2.292228136545011,6.623558447336601,0.1287898849640218,-0.02149323944234938,-0.013378844373041168,232.19493103027344,229.7698974609375,363.653564453125,226.6914825439453,369.5591125488281,348.54498291015625,231.58547973632812,351.2613525390625,-0.00012143982894485816,0.11313008517026901,-3.041682243347168,-23.01255703379383,-1.6204080691724385,-3.0196140260911832,-16.08203125,-1.350976586341858,-1.9241161346435547,0,-23.2979679107666,-0.39990234375,-1.4919580206274987,0.28541087697277234,-1.2205057254224385,-1.5276560054636845,1.976063375884635
1781569518937229900,-0.42315512366614555,2.292228136545011,6.623558447336601,0.1287898849640218,-0.02149323944234938,-0.013378844373041168,232.19493103027344,229.7698974609375,363.653564453125,226.6914825439453,369.5591125488281,348.54498291015625,231.58547973632812,351.2613525390625,-0.00012143982894485816,0.11313008517026901,-3.041682243347168,-23.01255703379383,-1.6204080691724385,-3.0196140260911832,-16.08203125,-1.350976586341858,-1.9241161346435547,0,-23.2979679107666,-0.39990234375,-1.4919580206274987,0.28541087697277234,-1.2205057254224385,-1.5276560054636845,1.976063375884635
1781569518973475800,-0.4372734103572247,2.329656052747131,6.707054982860154,0.17790692244696432,-0.08680240511643936,0.010383408725550634,232.91485595703125,231.455078125,364.0081481933594,228.99754333496094,364.9552917480469,345.20751953125,230.18133544921875,350.2979431152344,-0.00034195012995041907,0.11265002936124802,-3.0416836738586426,-23.211120541885098,-1.63127320428861,-3.0281937549466367,-16.18781280517578,-1.3668066263198853,-1.9298778772354126,0,-23.2979679107666,-0.39990234375,-1.4919580206274987,0.08684736888150368,-1.23137086053861,-1.536235734319138,1.9707452633621367
1781569518973475800,-0.4372734103572247,2.329656052747131,6.707054982860154,0.17790692244696432,-0.08680240511643936,0.010383408725550634,232.91485595703125,231.455078125,364.0081481933594,228.99754333496094,364.9552917480469,345.20751953125,230.18133544921875,350.2979431152344,-0.0004900209023617208,0.1123039647936821,-3.041684627532959,-23.28104074992367,-1.6416511276015309,-3.0298961837235616,-16.257343292236328,-1.377197265625,-1.9340722560882568,0,-23.2979679107666,-0.39990234375,-1.4919580206274987,0.016927160842932665,-1.2417487838515309,-1.537938163096063,1.9767347734276977
1781569519008415200,-0.5318849407796742,2.2976963871224743,6.6010456103621,0.17518516008185145,-0.046577670364101535,-0.0035341574011946613,226.08030700683594,230.68844604492188,359.06768798828125,228.44215393066406,363.5772399902344,346.8806457519531,225.5509796142578,350.6243591308594,-0.0008202542667277157,0.11160349100828171,-3.0416858196258545,-23.2798878403067,-1.551061794417329,-3.0096089278020495,-16.354022979736328,-1.3916015625,-1.94045889377594,0,-23.2979679107666,-0.39990234375,-1.4919580206274987,0.01808007045990223,-1.151159450667329,-1.5176509071745508,1.9049302469792113
1781569519008415200,-0.5318849407796742,2.2976963871224743,6.6010456103621,0.17518516008185145,-0.046577670364101535,-0.0035341574011946613,226.08030700683594,230.68844604492188,359.06768798828125,228.44215393066406,363.5772399902344,346.8806457519531,225.5509796142578,350.6243591308594,-0.0009235834004357457,0.11141812056303024,-3.0416860580444336,-23.349702754123687,-1.5613921271269084,-3.0132934133514304,-16.42363166809082,-1.401943325996399,-1.9454784393310547,0,-23.2979679107666,-0.39990234375,-1.4919580206274987,-0.051734843357085225,-1.1614897833769084,-1.5213353927239317,1.914731414078904
