frame_id,sim_time_ns,drone_x,drone_y,drone_z,roll,pitch,yaw
0,1781801492122942800,-0.00046874998952262104,6.83593752910383e-05,0.020546874031424522,0.00026014557806774974,0.31069502234458923,-3.1405231952667236
25,1781801492698775500,-0.00046874998952262104,5.859374869032763e-05,0.020546874031424522,0.00026495629572309554,0.31069502234458923,-3.1404943466186523
31,1781801492899225800,-0.00046874998952262104,5.859374869032763e-05,0.020546874031424522,0.00026495629572309554,0.31069502234458923,-3.1404943466186523
38,1781801493130290700,-0.00046874998952262104,5.859374869032763e-05,0.020546874031424522,0.00026495629572309554,0.31069502234458923,-3.1404943466186523
44,1781801493331770200,-0.00046874998952262104,5.859374869032763e-05,0.020546874031424522,0.00026495629572309554,0.31069502234458923,-3.1404943466186523
50,1781801493532007400,-0.00046874998952262104,5.859374869032763e-05,0.020546874031424522,0.00026495629572309554,0.31069502234458923,-3.1404943466186523
57,1781801493765073600,-0.00046874998952262104,5.859374869032763e-05,0.020546874031424522,0.00026495629572309554,0.31069502234458923,-3.1404943466186523
63,1781801493965349600,-0.00046874998952262104,5.859374869032763e-05,0.020546874031424522,0.00026495629572309554,0.31069502234458923,-3.1404943466186523
70,1781801494198378500,-0.00046874998952262104,5.859374869032763e-05,0.020546874031424522,0.00026495629572309554,0.31069502234458923,-3.1404943466186523
77,1781801494430112000,-0.00046874998952262104,5.859374869032763e-05,0.020546874031424522,0.00026495629572309554,0.31069502234458923,-3.1404943466186523
83,1781801494631594400,-0.00046874998952262104,5.859374869032763e-05,0.020546874031424522,0.00026495629572309554,0.31069502234458923,-3.1404943466186523
89,1781801494831868700,-0.00046874998952262104,5.859374869032763e-05,0.020546874031424522,0.00026495629572309554,0.31069502234458923,-3.1404943466186523
96,1781801495064925200,-0.00046874998952262104,5.859374869032763e-05,0.020546874031424522,0.00026495629572309554,0.31069502234458923,-3.1404943466186523
102,1781801495265034300,-0.00046874998952262104,5.859374869032763e-05,0.020546874031424522,0.00026495629572309554,0.31069502234458923,-3.1404943466186523
109,1781801495498325000,-0.00046874998952262104,5.859374869032763e-05,0.020546874031424522,0.00026495629572309554,0.31069502234458923,-3.1404943466186523
116,1781801495730154700,-0.00046874998952262104,5.859374869032763e-05,0.020546874031424522,0.00026495629572309554,0.31069502234458923,-3.1404943466186523
122,1781801495931964600,-0.00046874998952262104,5.859374869032763e-05,0.020546874031424522,0.00026495629572309554,0.31069502234458923,-3.1404943466186523
129,1781801496164859300,-0.00046874998952262104,5.859374869032763e-05,0.020546874031424522,0.00026495629572309554,0.31069502234458923,-3.1404943466186523
135,1781801496365013000,-0.00046874998952262104,5.859374869032763e-05,0.020546874031424522,0.00026495629572309554,0.31069502234458923,-3.1404943466186523
142,1781801496599138200,-0.00046874998952262104,5.859374869032763e-05,0.020546874031424522,0.00026495629572309554,0.31069502234458923,-3.1404943466186523
149,1781801496831703900,-0.05269531160593033,-0.00044921872904524207,-0.05781249701976776,0.00010524257231736556,0.10857867449522018,-3.140413999557495
156,1781801497065486400,-0.19062499701976776,-0.0011132812360301614,-0.3632568418979645,2.40889912674902e-05,0.022009490057826042,-3.1404190063476562
163,1781801497298358300,-0.3346875011920929,-0.0017578124534338713,-0.6945409774780273,0.0004973963950760663,-0.021741030737757683,-3.1230218410491943
170,1781801497531672300,-0.4869921803474426,-0.002968749962747097,-0.9764501452445984,0.0021771721076220274,0.0016949176788330078,-3.07071852684021
176,1781801497731678600,-0.6163671612739563,-0.004628906026482582,-1.1232421398162842,0.006138807628303766,0.06285273283720016,-3.009843587875366
183,1781801497965041000,-0.7718749642372131,-0.005332031287252903,-1.2007958889007568,0.007222004234790802,0.10011874884366989,-2.9463295936584473
190,1781801498197498100,-0.9941015243530273,-0.0006054687546566129,-1.171176791191101,-0.0013006904628127813,0.20750975608825684,-2.970552682876587
196,1781801498398474300,-1.2389843463897705,0.01335937436670065,-1.0497997999191284,0.007938782684504986,0.29482731223106384,-3.0201282501220703
203,1781801498631750800,-1.610390543937683,0.03769531100988388,-0.8732079863548279,0.02948845364153385,0.32844278216362,-3.0456178188323975
210,1781801498864715200,-2.2338671684265137,0.06548827886581421,-0.6753027439117432,0.047769516706466675,0.3273390531539917,-3.0588014125823975
216,1781801499064912800,-2.8959765434265137,0.07607422024011612,-0.5505957007408142,0.07631415128707886,0.30869123339653015,-2.977834939956665
222,1781801499265075100,-3.63671875,0.07110351324081421,-0.5054003596305847,0.064809150993824,0.3028514087200165,-2.981947898864746
229,1781801499498182700,-4.592617034912109,0.052177734673023224,-0.4581396281719208,0.05544329807162285,0.31218668818473816,-3.0300402641296387
235,1781801499698806400,-5.540507793426514,0.022871093824505806,-0.3882372975349426,0.05115419998764992,0.23543570935726166,-3.042407989501953
242,1781801499927749400,-6.659804344177246,-0.027011718600988388,-0.34958982467651367,0.0393800251185894,0.2113410085439682,-3.042619466781616
248,1781801500131755600,-7.769218444824219,-0.08790038526058197,-0.33253905177116394,0.034444279968738556,0.19127140939235687,-3.04075288772583
255,1781801500365081400,-9.025429725646973,-0.16806639730930328,-0.3243652284145355,0.03113379515707493,0.1761387437582016,-3.037757635116577
262,1781801500598371000,-10.302069664001465,-0.26060545444488525,-0.32142576575279236,0.02800653502345085,0.16560709476470947,-3.034177541732788
268,1781801500798494300,-11.368475914001465,-0.34562498331069946,-0.3206103444099426,0.025566615164279938,0.1600026935338974,-3.0311691761016846
275,1781801501030357700,-12.6939058303833,-0.45995116233825684,-0.3200927674770355,0.02317127212882042,0.1558278650045395,-3.027831792831421
281,1781801501231738100,-13.922734260559082,-0.573437511920929,-0.3193456828594208,0.021301837638020515,0.15309762954711914,-3.0245888233184814
288,1781801501463347000,-15.232226371765137,-0.7012988328933716,-0.31996092200279236,0.03533172979950905,0.1839599460363388,-2.9892055988311768
294,1781801501665028100,-16.32581901550293,-0.8144726157188416,-0.35773923993110657,0.07807164639234543,0.20330141484737396,-2.8785204887390137
300,1781801501865121200,-17.551836013793945,-0.9537011384963989,-0.491889625787735,0.08634795993566513,0.16978240013122559,-2.862790822982788
307,1781801502098337200,-18.92249870300293,-1.1379296779632568,-0.7275195121765137,0.10422812402248383,0.02636694721877575,-2.8545286655426025
314,1781801502331827000,-20.279882431030273,-1.3764843940734863,-0.9314501881599426,0.0669328048825264,-0.09997332096099854,-2.973444938659668
321,1781801502565041100,-21.461444854736328,-1.638710856437683,-1.0541601181030273,-0.0010375678539276123,-0.16463540494441986,-3.0619330406188965
327,1781801502765604900,-22.509374618530273,-1.9049510955810547,-1.105141520500183,-0.057946138083934784,-0.25373709201812744,-3.0933656692504883
334,1781801502998252300,-23.43632698059082,-2.156132698059082,-1.0658495426177979,-0.07184945791959763,-0.19634674489498138,3.001594305038452
340,1781801503198283200,-24.102577209472656,-2.3246092796325684,-1.011875033378601,-0.05614209547638893,-0.09266101568937302,2.477205514907837
346,1781801503398316300,-24.82453155517578,-2.472529172897339,-0.9469628930091858,-0.06326180696487427,-0.0012220143107697368,1.6567684412002563
352,1781801503599150400,-25.466054916381836,-2.585820198059082,-0.9226806163787842,-0.05648353323340416,-0.0609431229531765,1.4029825925827026
359,1781801503832580400,-26.303123474121094,-2.7021777629852295,-0.87977534532547,-0.05644199252128601,-0.058324214071035385,1.3951777219772339
366,1781801504065084300,-27.102890014648438,-2.78130841255188,-0.8351904153823853,-0.05657406896352768,-0.057317014783620834,1.3951658010482788
372,1781801504265122700,-27.74785041809082,-2.8229100704193115,-0.8000732064247131,-0.05661669000983238,-0.05698775872588158,1.3951472043991089
379,1781801504498307500,-28.55355453491211,-2.8478124141693115,-0.7571874856948853,-0.05663585290312767,-0.05684220790863037,1.3951401710510254
385,1781801504698350100,-29.301836013793945,-2.844716787338257,-0.718310534954071,-0.05664277821779251,-0.05678772181272507,1.3951371908187866
392,1781801504931545400,-30.059764862060547,-2.816591739654541,-0.6797997951507568,-0.05664544180035591,-0.05676710233092308,1.3951362371444702
398,1781801505131547600,-30.803241729736328,-2.765253782272339,-0.6428320407867432,-0.05664650723338127,-0.05675911530852318,1.3951362371444702
405,1781801505365019000,-31.624217987060547,-2.68212890625,-0.6029101610183716,-0.05664703622460365,-0.05675530061125755,1.3951359987258911
412,1781801505598286900,-32.44613265991211,-2.572080135345459,-0.5638134479522705,-0.05664703622460365,-0.05675530061125755,1.3951359987258911
419,1781801505831582200,-33.22894287109375,-2.4433202743530273,-0.5274218916893005,-0.05664757639169693,-0.05675339326262474,1.3951361179351807
425,1781801506031964700,-33.984920501708984,-2.297607421875,-0.49302732944488525,-0.05664757639169693,-0.05675339326262474,1.3951361179351807
432,1781801506265277800,-34.81999969482422,-2.1132519245147705,-0.4558984339237213,-0.05664757639169693,-0.05675339326262474,1.3951361179351807
439,1781801506498313800,-35.61097717285156,-1.9169921875,-0.42159178853034973,-0.05664757639169693,-0.05675339326262474,1.3951361179351807
445,1781801506698584000,-36.330936431884766,-1.7208105325698853,-0.39107421040534973,-0.05664757639169693,-0.05675339326262474,1.3951361179351807
452,1781801506931968400,-37.17543029785156,-1.4704198837280273,-0.3562060594558716,-0.05664757639169693,-0.05675339326262474,1.3951361179351807
458,1781801507132382000,-37.946014404296875,-1.223779320716858,-0.3252636790275574,-0.05664757639169693,-0.05675339326262474,1.3951361179351807
465,1781801507366857500,-38.724571228027344,-0.9577538967132568,-0.2948583960533142,-0.05664757639169693,-0.05675339326262474,1.3951361179351807
472,1781801507596886700,-39.67238235473633,-0.6122753620147705,-0.259033203125,-0.05664757639169693,-0.05675339326262474,1.3951361179351807
478,1781801507797090300,-40.37933349609375,-0.3400000035762787,-0.2331884652376175,-0.05664757639169693,-0.05675339326262474,1.3951361179351807
484,1781801507998462800,-41.11386489868164,-0.04449218511581421,-0.20714843273162842,-0.05664757639169693,-0.05675339326262474,1.3951361179351807
